,name,email,image,address
1,ETC,etc@bhucafeterias.herokuapp.com,static/images/cafeterias/ETC.jpeg,Bingham University
2,Bon Appetit,bon-appetit@bhucafeterias.herokuapp.com,static/images/cafeterias/BonAppetit.jpeg,Bingham University
3,Omega,omega@bhucafeterias.herokuapp.com,static/images/cafeterias/Omega.jpeg,Bingham University
4,Rai Rom,rairom@bhucafeterias.herokuapp.com,static/images/cafeterias/RaiRom.jpeg,Bingham University
5,Ultimate,ultimate@bhucafeterias.herokuapp.com,static/images/cafeterias/Ultimate.jpeg,Bingham University
6,ECO Fresh,eco-fresh@bhucafeterias.herokuapp.com,static/images/cafeterias/ECOFresh.jpeg,Bingham University
7,JB Davta,jb-davta@bhucafeterias.herokuapp.com,static/images/cafeterias/JBDavta.jpeg,Bingham University
8,Ngozika,ngozika@bhucafeterias.herokuapp.com,static/images/cafeterias/Ngozika.jpeg,Bingham University
